location,name,note,elevation,delta_temp
"37.6103,-79.3787",FR 812 Dispersed Sites,https://thedyrt.com/press/2025-best-places-to-camp-in-the-southeast-region/,882,0.5560199999999963
"35.5232,-87.4570",Meriwether Lewis Campground,https://thedyrt.com/press/2025-best-places-to-camp-in-the-southeast-region/,853,4.4180999999999955
"39.2212,-81.1094",River Run Campground,"Part of North Bend State Park
https://thedyrt.com/press/2025-best-places-to-camp-in-the-southeast-region/",915,-2.4606000000000057
"36.2845,-92.5302",Blue Heron Campground,"Ozark Mountain hideaway offers a serene riverside retreat along the White River
water/electric sites $35
https://thedyrt.com/press/2025-best-places-to-camp-in-the-southeast-region/",439,4.521959999999997
"34.9528,-82.9515",Devils Fork State Park Campground,,1118,4.4971199999999945
"41.2064,-75.6152",002 Fireline,"Pinchot State Forest
https://pennsylvaniastateparks.reserveamerica.com/",1807,-9.216360000000005
"41.2068,-75.6120",Manny Gordon 001,"Pinchot State Forest
https://pennsylvaniastateparks.reserveamerica.com/",1788,-9.146880000000001
"41.2059,-75.6115",Manny Gordon 002,"Pinchot State Forest
https://pennsylvaniastateparks.reserveamerica.com/",1784,-9.13356
"41.2055,-75.6105",Manny Gordon 003,"Pinchot State Forest
https://pennsylvaniastateparks.reserveamerica.com/",1784,-9.132840000000002
"40.2174,-75.5643",32 Homestead Lane,,252,-1.890359999999996
"38.2914,-79.3051",Braley Pond dispersed campsites,"Braley Pond dispersed campsites
https://tmbtent.com/virginia-free-dispersed-camping/",2040,-4.800060000000005
"38.4880,-79.2149",Hone Quarry Ridge Campsite,campsite at Flagpole rd & Hone Quarry Ridge trail,3878,-11.70594
"38.6424,-79.0847",Long Run Road Campsite #4,,3563,-10.860660000000003
"38.6455,-79.0823",Long Run Road Campsite #5,,3536,-10.772639999999997
"38.6514,-79.0837",Long Run Road campsite #6,Long Run Road campsite #6,3504,-10.666260000000003
"39.1291,-79.4583",Little Canaan WMA dispersed campsites,,3074,-9.993420000000002
"38.7669,-79.5729",Gandy Creek dispersed camping,"3000-About 15 designated dispersed campsites along Gandy Creek.  The gravel road is generally well-maintained, but larger RVs may find some sites challenging due to size constraints.  Popular during weekends, so arrive early. No cell service in this remote area.",3176,-9.70416
"38.7701,-79.5556",Swallow Rock Campground,Part of Gandy Creek Dispersed Camping,3166,-9.674819999999999
"39.0323,-79.3159",Red Creek Campground,,3874,-12.673979999999998
"38.7076,-79.5878",Spruce Knob Lake Campground,,4045,-12.69792
"39.6346,-79.1187",New Germany State Park Campground,A few sites are large enough for a camper van,2575,-9.124919999999998
"39.6603,-78.9656",St. John's Rock Campsites,,2779,-9.896579999999998
"39.8539,-78.2722",SH001 Town Hill,"secluded site with road noise from I-70
Buchanan State Forest
SH001 Town Hill
https://pennsylvaniastateparks.reserveamerica.com/",1581,-5.974560000000005
"39.8734,-78.5091",CV021 326 Lot,"Buchanan State Forest
CV021 326 Lot
https://pennsylvaniastateparks.reserveamerica.com/",2083,-7.799759999999993
"39.8614,-78.5290",CV014 Nester Lot,"Buchanan State Forest
CV014 Nester Lot
https://pennsylvaniastateparks.reserveamerica.com/",2306,-8.573760000000005
"39.8581,-78.5447",CV013 Refuge Trail ATV,"Buchanan State Forest
CV013 Refuge Trail ATV
https://pennsylvaniastateparks.reserveamerica.com/",2053,-7.666919999999999
"39.8605,-78.5638",CV011 Martin Hill North,"Buchanan State Forest
CV011 Martin Hill North
https://pennsylvaniastateparks.reserveamerica.com/",2057,-7.682940000000003
"39.8545,-78.5776",CV008 Oak Trail," large grassy private lot
Buchanan State Forest
CV008 Oak Trail
https://pennsylvaniastateparks.reserveamerica.com/",2263,-8.409240000000002
"39.8307,-78.5441",CV006 Tower Lot,"Buchanan State Forest
CV006 Tower Lot
https://pennsylvaniastateparks.reserveamerica.com/",2723,-10.0044
"39.8318,-78.5946",CV007 Blankley Road West,"Buchanan State Forest
Site CV007 ""Blankley Road West""
https://pennsylvaniastateparks.reserveamerica.com/",2122,-7.865280000000002
"39.9878,-77.4013",Big Flat Parking Area,8 drive up campsites available by reservation,1988,-7.66638
"39.9700,-77.4698",Site 009 Haunted Hollow,,2027,-7.774739999999997
"39.9818,-79.2939",Forbes Motorized Campsite #5,,2398,-9.11808
"40.1083,-79.1953",Forbes State Forest Motorized Site 2,,2798,-10.773179999999998
"40.1305,-79.1821",Forbes State Forest Motorized Camping #1,,2706,-10.485539999999997
"40.0602,-79.2325",Kooser State Park,,2559,-9.832500000000003
"39.8022,-79.6784",Forbes State Forest Campsite #3,small spring-fed pond nearby,2509,-9.192599999999997
"39.7980,-79.6473",Forbes Campsite #4,,2135,-7.851240000000002
"39.7915,-79.1549",Forbes State Forest Motorized Site 6,,2969,-10.811339999999998
"39.5244,-79.3006",Deep Creek Lake State Park,,2952,-10.27206
"38.9187,-79.7729",Stuart Recreation Area,,2319,-6.923700000000001
"38.9315,-79.6807",Bear Heaven Campground,"Not specifically designed for RVs, but online videos suggest that at least a few of the sites should be able to accommodate a camper van.",3641,-11.66184
"38.7624,-78.2966",Mathews Arm Campground,,2762,-8.22186
"39.6390,-79.1112",Sleepy Hollow Campground,", private campground, $40/night incl fees.",2614,-9.273240000000005
"39.3991,-79.2659",Wolf Den Run State Park,,2700,-9.145619999999996
"39.5442,-79.1385",Big Run State Park,,1479,-5.054399999999993
"39.5731,-79.1594",Big Run Campground,,1886,-6.557219999999994
"35.4479,-80.0787",Badin Lake Campground,,534,5.688540000000006
"33.8409,-82.3360",Hawe Creek Campground,,433,8.943840000000005
"33.6515,-82.4226",Winfield Campground,,347,9.588960000000002
"33.7224,-82.2175",Modoc Campground,,406,9.250739999999999
"33.6577,-82.2606",Petersburg Campground,,423,9.308700000000004
"33.6659,-82.2293",LAKE SPRINGS,,439,9.23544
"33.6800,-82.2591",US Corps of Engineers Ridge Rd. Campground,,387,9.397260000000001
"34.4309,-80.8704",Lake Wateree State Park,,269,8.46684
"34.6310,-81.7390",Sedalia Campground,,616,6.86646
"34.4481,-81.7068",Brick House Campground,,580,7.324380000000006
"34.0852,-81.4079",Dreher Island State Park,,360,8.7615
"36.2458,-77.8927",Medoc Mountain State Park Campground,,190,5.480819999999996
"30.4004,-81.9277",Cary Campground,,104,16.306739999999998
"36.4123,-78.3982",Nutbush Bridge Campground,,360,4.572719999999997
"36.5202,-78.3199","Kerr Lake, County Line Camping",,360,4.378499999999995
"36.4590,-78.3666",Bullocksville Park,,360,4.488659999999995
"36.5357,-78.3102",Kimball Point Campground,,344,4.409100000000003
"36.4328,-78.3732",J C Cooper Campground,,354,4.55922
"36.5102,-78.3700",Hibernia,,354,4.419900000000005
"36.5350,-78.3459",Henderson Point Campground,,324,4.480560000000006
"40.2892,-78.5898",Blue Knob State Park Campground,"Best sites according to https://www.youtube.com/watch?v=HhmVrsQAuR8: 1*, 16, 20, 21, 22**, 24, 26, 27, 28, 29, 43*, 45, 47, 48, 50*",2486,-9.987300000000001
"39.5110,-78.1539",Sleepy Creek WMA Camping Area,https://wvdnr.gov/lands-waters/wildlife-management-areas/,1171,-3.894840000000005
"39.2498,-78.7506",Nathaniel Mountain WMA dispersed camping,https://wvdnr.gov/lands-waters/wildlife-management-areas/,2290,-7.4143799999999995
"39.2055,-78.6669",Short Mountain WMA dispersed camping,https://wvdnr.gov/lands-waters/wildlife-management-areas/,2286,-7.322940000000002
"40.0612,-76.8981",Gifford Pinchot State Park Campground,"waterfront with view: 319, 320; waterfront w/partial view: 316, 317, 318, 321; water view: 279, 280, 281, 294, 295, 296; private: 164",492,-2.463299999999999
"38.3415,-80.2306",Tea Creek Campground,,3038,-8.447040000000005
"38.8237,-79.3866",Seneca Shadows Campground,"Seneca Shadows is the newest campground in the Spruce Knob-Seneca Rocks National Recreation Area. Many sites offer outstanding views of the 900 foot Seneca Rocks. This is a modern campground with flush toilets, lantern posts, picnic tables and campfire rings. The large facility has a selection of walk-to tent sites, standard RV sites and tent-only group sites.",1742,-4.693500000000004
"38.2871,-80.2156",Day Run Campground,,3146,-8.735220000000004
"38.3385,-80.4890",Bishop Knob Campground,,3143,-8.816040000000005
"37.9204,-80.2709",Blue Bend Campground,,1922,-3.711060000000001
"38.5324,-79.7028",Lake Buffalo Recreation Area,"A primitive camping area next to a 22-acre lake stocked with trout, suitable for fishing and kayaking. Limited dispersed sites are available, primarily for tents or small RVs. The area is open from March to November.  Popular with anglers, this quiet retreat is ideal for a long weekend. Nearby Long Run and East Fork of the Greenbrier River offer additional fishing opportunities.",3077,-8.931060000000004
"38.6502,-79.7462",Little River Dispersed Camping,"15 numbered sites along the Little River, suitable for tents and small to medium RVs. The setting is peaceful with access to the West Fork Rail Trail and fishing opportunities. The narrow gravel road may be tricky for larger rigs.  Very remote with no cell service, ideal for those seeking solitude. Sites fill up on weekends.",3231,-9.692999999999996
"38.4769,-77.7814",C.F. Phelps WMA Public Parking,,246,1.2659399999999994
"41.0123,-75.0858",Worthington State Forest Campsite,"Several RV sites adjacent to the river, some may have partial river views",360,-3.7072800000000057
"41.3360,-76.2607",Ricketts Glen State Park,"Numerous waterfront sites, some of which may have a partial lake view",2280,-11.134439999999998
"41.2191,-75.4054",Tobyhanna State Park,"Some sites from 91-131 may have partial lake view, of which CampsitePhotos.com recommends 101, 111, 113, 115, 117, and 119",1994,-9.906119999999996
"41.3132,-75.2089",Promised Land State Park,Pickerel Point Campground has RV spots with partial lake views and reasonably easy lake access,1778,-9.303300000000004
"39.6651,-78.4431",Green Ridge State Forest Headquarters,"numerous dispersed campsites
Must register at Green Ridge State Forest Headquarters
301-478-3124",964,-3.4351200000000044
"39.5679,-78.3611",Gary's Family Campground,,1049,-3.564360000000003
"41.2520,-76.0560",Moon Lake State Recreation Area,"multiple dispersed campsites
https://pennsylvaniastateparks.reserveamerica.com/camping/pinchot-state-forest/r/campgroundDetails.do?contractCode=PA&parkId=880252#sr_a",1200,-7.1339400000000035
"41.2520,-75.6337",001 Carvolth,https://pennsylvaniastateparks.reserveamerica.com/campsiteDetails.do?contractCode=PA&siteId=23634&parkId=880252,2001,-9.988740000000005
"41.2293,-75.6069",003 Sassafras Hill,"003 Sassafras Hill
https://pennsylvaniastateparks.reserveamerica.com/camping/pinchot-state-forest",2116,-10.357380000000004
"41.2068,-75.6109",Manny Gordon Pavilion,"dispersed sites nearby
https://pennsylvaniastateparks.reserveamerica.com/camping/pinchot-state-forest",1788,-9.146880000000001
"41.3047,-75.1010",State Forest Campsite #E011,,1512,-8.340299999999994
"41.2590,-74.9929",Delaware State Forest campsite #E014,,1322,-7.57944
"41.2525,-75.1113",highline campsite E-9,,1437,-7.977239999999996
"41.2328,-75.1083",E8 - Bridge Camp,,1273,-7.356779999999996
"41.1599,-75.0821",State Forest Campsite #S006,,1207,-6.99156
"41.1462,-75.1973",State Forest Campsite #S001,,1138,-6.7212000000000005
"41.1238,-75.2166","S005 Brodhead Creek, Snow Hill",Delaware State Forest dispersed sites,872,-5.733180000000005
"40.5986,-76.0245",Weiser State Forest,"Dispersed sites nearby.
https://pennsylvaniastateparks.reserveamerica.com",561,-3.6763199999999956
"42.7231,-76.9015",Sampson State Park,,554,-7.477020000000004
"41.9807,-77.1898",Tompkins Campground,,1145,-8.246699999999997
"41.8871,-77.1791",Ives Run Campground,,1184,-8.218619999999994
"35.7326,-79.0172",Jordan Lake State Recreation Area,,239,6.229080000000004
"28.9785,-81.5523",Clearwater Lake campground,"After-hours gate code from confirmation email required after 6pm
https://www.recreation.gov/camping/campgrounds/234033
(352) 669-0078",59,19.029960000000003
"29.2753,-81.6928",Hopkins Prairie Campground,,65,18.47232
"28.7089,-81.4745",Wekiwa Springs State Park Campground,campground is closed for a waterline project and will remain closed throughout 2025,124,19.28124
"28.9480,-81.3353",Blue Spring State Park Campground,,65,19.06146
"29.8369,-81.9501",Mike Roess Gold Head Branch State Park,,187,17.02854
"29.5260,-82.2946",Paynes Prairie Camping,,91,17.92746
"29.0879,-82.4221",Rainbow Springs State Park Campground,,39,18.90324
"29.5211,-81.7953",Rodman Campground,,65,18.029880000000002
"29.0383,-82.2395",Shangrila Campgrounds,,88,18.817020000000003
"29.0391,-82.2963",Ross Prairie Campground,,65,18.89748
"28.8564,-81.9026",Lake Griffin State Park,,121,19.027440000000002
"27.1721,-82.4649",Oscar Scherer State Park Campground,,32,22.37508
"28.2893,-82.0417",Colt Creek State Park Campground,,121,20.04822
"28.4470,-81.7411",Lake Louisa State Park,,137,19.70586
"27.7782,-82.1391",Alafia River State Park- Campground,,108,21.015000000000004
"27.9472,-81.3515",Lake Kissimmee Campground,,78,20.816100000000002
"27.4747,-81.5303",Highlands Hammock State Park Campground,,131,21.479400000000002
"27.5822,-81.0435",Kissimmee Prairie Preserve Family Campground,,75,21.4848
"28.5750,-82.2187",Silver Lake Campground,,78,19.68606
"28.8004,-82.3826",Holder Mine Campground,,85,19.25694
"29.2075,-81.1776",Tiger Bay State Forest,,26,18.73476
"28.5765,-82.1992",River Junction Campground Withalacochee State Forest,(352) 797-4140,85,19.65996
"28.6194,-82.2412","Hog Island Recreation Area, Campground & Kayak Launch",(352) 797-4140,85,19.58274
"28.7583,-82.3543",Mutual Mine Campground,,62,19.414620000000003
"30.4066,-81.4119",Huguenot Campground,"(904) 255-4255
https://fljacksonweb.myvscloud.com",3,16.65828
"30.3639,-81.4018",Hanna Park Campground,"(904) 255-4255
https://fljacksonweb.myvscloud.com",36,16.618139999999997
"30.8407,-81.5514",Crooked River State Park,"RVLife 9.5/10
912-882-5256
https://gastateparks.org/CrookedRiver",49,15.713100000000003
"31.1559,-81.5429",Blythe Island Regional Park,912-279-2812 Mon-Sat 8:30am-5pm,52,15.134040000000004
"33.5064,-79.0636",Huntington Beach State Park Campground,"Recommended in _Where_Should_We_Camp_Next?_
RVLife 9.4/10",-9,11.125440000000001
"33.6541,-78.9276",Myrtle Beach State Park Campground,"Recommended in _Where_Should_We_Camp_Next?_
843-238-5325
https://southcarolinaparks.com/myrtle-beach/camping
RVLife 8.6/10",-6,10.84788
"33.0625,-80.6159",Colleton State Park,RVLife 8.6/10,137,11.397960000000001
"32.0231,-80.8512",Rivers End Campground & RV Park,"Recommended in _Where_Should_We_Camp_Next?_
RVLife 8.7/10",22,13.678380000000002
"32.3844,-80.4317",Hunting Island Campground,"Recommended in _Where_Should_We_Camp_Next?_ by Stephanie Puglisi
RVLife 9.1/10",6,13.086540000000001
"31.9548,-81.0526",Skidaway Island State Park,"Recommended in _Where_Should_We_Camp_Next?_ by Stephanie Puglisi
RVLife 9.2/10
https://thedyrt.com/press/2025-best-places-to-camp-in-the-southeast-region/",55,13.684320000000003
"31.8843,-81.1807",Fort McAllister Campground,"RFLife 9.2/10
912-727-2339 or 912-727-4058",68,13.764420000000001
"31.4246,-81.4887",Cat Head Creek RV Park,RVLife 9.4/10,22,14.755679999999996
"31.5378,-81.4573",McIntosh Lake RV Park,No check-in after 6pm.  RVLife 8.8/10,29,14.528519999999999
"31.6137,-81.4017",South Newport Campground,RVLife 7.3/10,42,14.345099999999997
"37.1965,-82.4402",Pound River Campground,,1456,-0.7466400000000001
"40.6096,-82.2576",Mohican State Park Campground,"Sites are out in the open, but the park is worth seeing.
Recommended in _Where_Should_We_Camp_Next?_ by Stephanie Puglisi",928,-5.006520000000001
"39.4375,-82.5381",Old Man's Cave Campground,Recommended in _Where_Should_We_Camp_Next?_ by Stephanie Puglisi,931,-2.9084399999999997
"44.0515,-86.4945",Ludington State Park and Campgrounds,Recommended in _Where_Should_We_Camp_Next?_ by Stephanie Puglisi,633,-10.148939999999996
"46.6032,-85.1979",Lower Falls Portage Campground,Recommended in _Where_Should_We_Camp_Next?_ by Stephanie Puglisi,636,-14.7537
"44.7156,-86.1160",Platte River Campground,Recommended in _Where_Should_We_Camp_Next?_ by Stephanie Puglisi,606,-11.250720000000003
"36.3634,-89.4330",Reelfoot State Park Campground,Recommended in _Where_Should_We_Camp_Next?_ by Stephanie Puglisi,292,4.906440000000003
"35.5592,-83.3118",Smokemont Campground,Recommended in _Where_Should_We_Camp_Next?_ by Stephanie Puglisi,2306,-0.8297999999999942
"37.1820,-86.0968",Mammoth Cave Campground,Recommended in _Where_Should_We_Camp_Next?_ by Stephanie Puglisi,787,1.6662599999999963
"37.3452,-86.1272",Wax Campground,Recommended in _Where_Should_We_Camp_Next?_ by Stephanie Puglisi,544,2.2383000000000033
"34.8395,-85.4840",Cloudland Canyon State Park,Recommended in _Where_Should_We_Camp_Next?_ by Stephanie Puglisi,1771,2.3727599999999986
"36.3829,-81.0225",Stone Mountain State Park,Recommended in _Where_Should_We_Camp_Next?_ by Stephanie Puglisi,1883,-0.8031599999999987
"30.3711,-86.2748",Topsail Hill Preserve State Park,"Recommended in _Where_Should_We_Camp_Next?_ by Stephanie Puglisi
https://thedyrt.com/press/2025-best-places-to-camp-in-the-southeast-region/",29,16.628580000000003
"32.3586,-86.4548",Gunter Hill Campground,Recommended in _Where_Should_We_Camp_Next?_ by Stephanie Puglisi,187,12.489479999999995
"34.4971,-85.6273",DeSoto State Park,Recommended in _Where_Should_We_Camp_Next?_ by Stephanie Puglisi,1610,3.562379999999995
"33.4786,-85.8094",Cheaha State Park,Recommended in _Where_Should_We_Camp_Next?_ by Stephanie Puglisi,2139,3.5119800000000008
"34.7455,-86.5121",Monte Sano State Park Campground,Recommended in _Where_Should_We_Camp_Next?_ by Stephanie Puglisi,1620,3.0801600000000007
"30.2600,-87.6486",Gulf State Park Campground,Recommended in _Where_Should_We_Camp_Next?_ by Stephanie Puglisi,19,16.86366
"41.6975,-77.4497",Leonard Harrison campground,Recommended in _Where_Should_We_Camp_Next?_ by Stephanie Puglisi,1870,-10.322639999999996
"42.8912,-73.0385",Woodford State Park,Recommended in _Where_Should_We_Camp_Next?_ by Stephanie Puglisi,2339,-14.144399999999996
"41.9220,-71.7550",George Washington State Campground and Management Area,Recommended in _Where_Should_We_Camp_Next?_ by Stephanie Puglisi,616,-6.257339999999995
"41.3618,-71.7013",Burlingame State Campgrounds,Recommended in _Where_Should_We_Camp_Next?_ by Stephanie Puglisi,108,-3.435480000000004
"43.5737,-71.3544",Ellacoya State Park,Recommended in _Where_Should_We_Camp_Next?_ by Stephanie Puglisi,515,-8.867700000000005
"42.2334,-73.2746",Beartown State Forest,Limited number of RV spots.  $40 non-resident.  Recommended in _Where_Should_We_Camp_Next?_ by Stephanie Puglisi,1775,-10.947960000000005
"44.3814,-68.0644",Schoodic Woods Campground,Recommended in _Where_Should_We_Camp_Next?_ by Stephanie Puglisi,190,-9.16326
"44.2311,-69.0483",Camden Hills State Park,Recommended in _Where_Should_We_Camp_Next?_ by Stephanie Puglisi,219,-8.998019999999997
"41.6469,-73.0967",Black Rock State Park,Recommended in _Where_Should_We_Camp_Next?_ by Stephanie Puglisi,413,-5.036760000000005
"41.2667,-72.5584",Hammonasset Beach State Park,Recommended in _Where_Should_We_Camp_Next?_ by Stephanie Puglisi,6,-2.9016
"42.3705,-76.8824",Watkins Glen State Park Six Nations Camping Area,Recommended in _Where_Should_We_Camp_Next?_ by Stephanie Puglisi,984,-8.375039999999998
"42.6975,-77.9373",Letchworth State Park Campground,Recommended in _Where_Should_We_Camp_Next?_ by Stephanie Puglisi,915,-8.717939999999995
"38.9745,-75.5350",Killens Pond State Park Campground,Recommended in _Where_Should_We_Camp_Next?_ by Stephanie Puglisi,42,1.0956600000000019
"39.2802,-80.0108",Tygart Lake State Park,,1151,-3.409200000000001
"37.5419,-79.5834",North Creek Campground,,1171,-0.3504599999999966
"37.5757,-79.5346",Cave Mountain Lake Campground,,1253,-0.7037999999999957
"37.9195,-79.0073",Sherando Lake Recreation Area,,1880,-3.5573399999999986
"32.7369,-79.9924",Campground at James Island County Park,Recommended in _Where_Should_We_Camp_Next?_ by Stephanie Puglisi,9,12.440340000000003
"34.9251,-82.3744",Paris Mountain State Park Campground,Recommended in _Where_Should_We_Camp_Next?_ by Stephanie Puglisi,1086,4.6639800000000005
"39.0722,-79.4737",Canaan Loop Road dispersed campsite #5,"Camped here on April 5, 2025",3648,-11.938500000000005
"39.0680,-79.4854",Canaan Loop Road dispersed campsite #7,,3638,-11.895839999999996
"39.0727,-79.4732",Canaan Loop Road dispersed campsite #4,,3648,-11.939399999999996
"39.0905,-79.4511",Canaan Loop Road dispersed campsite #1,"Stopped here briefly on the morning of April 6, 2025",3733,-12.275639999999997
"39.0875,-79.4553",Canaan Loop Road dispersed campsite #2,https://www.fs.usda.gov/Internet/FSE_DOCUMENTS/fseprd576615.pdf,3694,-12.129839999999998
"39.0818,-79.4625",Canaan Loop Road dispersed campsite #3,,3714,-12.189780000000003
"39.0595,-79.5210","39°03'34.3""N 79°31'15.6""W","Canaan Loop Road possible dispersed campsite
https://www.fs.usda.gov/Internet/FSE_DOCUMENTS/fseprd576615.pdf",3258,-10.52334
"39.0643,-79.5059","39°03'51.5""N 79°30'21.3""W","Canaan Loop Road possible dispersed campsite
https://www.fs.usda.gov/Internet/FSE_DOCUMENTS/fseprd576615.pdf",3399,-11.035080000000006
"39.0693,-79.4767",Canaan Loop Road dispersed campsite #6,"Canaan Loop Road dispersed campsite #6
https://www.fs.usda.gov/Internet/FSE_DOCUMENTS/fseprd576615.pdf",3714,-12.167279999999996
"37.6170,-80.9205",Bluestone State Park,,2181,-4.089239999999995
"36.6166,-78.2875",Dick Cross Wildlife Management Area,https://tmbtent.com/virginia-free-dispersed-camping/,252,4.591080000000003
"38.4212,-78.4062",Rapidan WMA,"Rapidan WMA permit required
https://tmbtent.com/virginia-free-dispersed-camping/",1617,-3.524399999999998
"36.7900,-79.3297",White Oak Mountain Wildlife Management Area,https://tmbtent.com/virginia-free-dispersed-camping/,839,2.1846600000000023
"37.4674,-77.9110",Amelia Wildlife Management Area,https://tmbtent.com/virginia-free-dispersed-camping/,328,2.790540000000004
"37.1991,-80.8851",Walnut Flats Campground,https://tmbtent.com/virginia-free-dispersed-camping/,2408,-4.144320000000002
"38.1539,-79.5968","38°09'13.9""N 79°35'48.5""W","Scotchtown Draft dispersed camping area.  Sites on the north side of the road have great views, and the site closest to the river has water access.
https://tmbtent.com/virginia-free-dispersed-camping/",1545,-2.78586
"37.7479,-79.2648",Oronoco Campground,https://tmbtent.com/virginia-free-dispersed-camping/,1719,-2.675160000000002
"37.2652,-76.8722",Chickahominy Riverfront Park,https://campingprepper.com/best-virginia-rv-campgrounds/,22,4.2426
"35.7516,-82.2209",Black Mountain Campground/Briar Bottom Group Campground,"https://www.recreation.gov/camping/campgrounds/273780
https://campingprepper.com/asheville-nc-campgrounds/",3031,-3.761820000000005
"35.4029,-82.7568",Mount Pisgah Campground,"https://www.recreation.gov/camping/campgrounds/234182
https://campingprepper.com/asheville-nc-campgrounds/",4947,-9.966960000000004
"35.4877,-82.6297",Lake Powhatan Recreation Area & Campground,https://campingprepper.com/asheville-nc-campgrounds/,2345,-0.8414999999999933
"35.5660,-82.5874",Wilson's Riverfront RV Park,"$40 primitive riverside RV sites.
https://campingprepper.com/asheville-nc-campgrounds/",1978,0.32795999999999587
"39.0745,-79.5739","39°04'28.2""N 79°34'26.0""W","Canaan Valley Loop Road dispersed campsite #7
https://www.fs.usda.gov/Internet/FSE_DOCUMENTS/fseprd576615.pdf",3294,-10.67904
"37.1445,-76.6848",Hog Island Wildlife Management Area - Carlisle Tract,,19,4.471559999999999
"37.3176,-76.9127",Chickahominy Wildlife Management Area,,52,4.042980000000002
"37.7568,-78.4286",Hardware River Wildlife Management Area,,337,2.2345200000000034
"37.3741,-78.5803",Featherfin Wildlife Management Area,,406,2.6776800000000027
"37.1756,-78.2787",Twin Lakes State Park,,511,2.660579999999995
"37.5320,-78.2732",Bear Creek Lake State Park,,328,2.6742600000000065
"37.3980,-78.6414",Holliday Lake State Park,,547,2.131559999999994
"37.1967,-78.4373",Briery Creek Wildlife Management Area,,501,2.6577
"38.1855,-79.8263",Bath County Recreational Campground,,2060,-4.679639999999996
"36.1252,-81.2428","36°07'30.7""N 81°14'34.1""W","Bandits Roost Campground
https://www.recreation.gov/camping/campgrounds/233421",1049,2.632500000000001
"36.7884,-80.0947",Fairy Stone State Park,,1204,0.8888399999999953
"36.0230,-78.6994",Falls Lake State Recreation Area,,360,5.273459999999995
"39.6803,-79.7806",Chestnut Ridge Regional Park,campingprepper.com/best-west-virginia-rv-campgrounds,2214,-7.920180000000004
"37.5187,-80.9820",Pipestem Campground,campingprepper.com/best-west-virginia-rv-campgrounds,2765,-5.994900000000005
"38.0063,-80.0109",Lake Sherwood Recreation Area,campingprepper.com/best-west-virginia-rv-campgrounds,2736,-6.767280000000005
"38.6653,-80.3545",Holly River State Park,campingprepper.com/best-west-virginia-rv-campgrounds,1738,-4.3966800000000035
"38.1995,-80.8666",Summersville Lake Retreat & Lighthouse,Voted best campground in WV.  campingprepper.com/best-west-virginia-rv-campgrounds.  Primitive campsites seem to be available at a reasonable price for small RVs.,2037,-4.622940000000001
"38.7935,-80.5614",Bulltown Campground,campingprepper.com/best-west-virginia-rv-campgrounds,882,-1.5737400000000026
"38.6348,-80.5746",Baker's Run Campground,campingprepper.com/best-west-virginia-rv-campgrounds,938,-1.4869799999999969
"38.8897,-79.2388",Big Bend Campground,campingprepper.com/best-west-virginia-rv-campgrounds,1246,-3.0455999999999954
"35.9416,-76.5756",Spruill Farm Landing,Spruill Conservation Farm in Hipcamp.  Beautiful soundfront views.,6,6.683579999999998
"38.9807,-78.0037",1560 Fire Trail Rd,"County Line Parking Area, Thompson WMA, permit required",1925,-5.631299999999998
"38.9854,-77.9996",1690 Fire Trail Rd,"Appalachian Trail Parking Area, Thompson WMA, permit required",1834,-5.312159999999997
"38.9918,-77.9946",1868 Fire Trail Rd,"Orchard Parking Area, Thompson WMA, permit required",1748,-5.019479999999995
"38.9676,-78.0183",300 Fire Trail Rd,"Ridge Parking Area, Thompson WMA, permit required",2044,-6.028919999999995
"38.9716,-78.0176",630 Fire Trail Rd,"Rock Spring Parking Area, Thompson WMA, permit required",2050,-6.059520000000004
"41.6633,-77.8193",Cherry Springs State Park Rustic Campground,"Cherry Springs State Park is nearly as remote and wild today as it was two centuries ago. Its dark skies make it a haven for astronomers. Due to its exceptionally dark skies, Cherry Springs State Park is one of the best places on the eastern seaboard for stargazing and the science of astronomy",2309,-11.828879999999998
"37.1964,-112.9876",Watchman Campground,"Nestled at the base of the iconic Watchman Peak, this campground offers dramatic views of red sandstone cliffs and the Virgin River. The towering formations create a breathtaking backdrop, especially at sunrise or sunset.",3927,-9.556559999999996
"36.2088,-112.0602",North Rim Campground,"Perched on the quieter, less-visited North Rim, this campground provides jaw-dropping vistas of the Grand Canyon’s vast expanse. The elevation and remoteness enhance the sweeping views of the canyon’s layered cliffs.",8337,-23.503679999999992
"39.1428,-106.8953",Silver Bell,"Located near Aspen, this campground frames the iconic Maroon Bells—twin peaks rising above Maroon Lake. The rugged Elk Mountains and golden aspens in fall make it a postcard-worthy spot.",8517,-29.42838
"35.9900,-121.4957",Kirk Creek Campground,"Perched above the Pacific Ocean along the rugged Big Sur coast, this spot offers panoramic views of waves crashing against cliffs. The sunrise over the water is a highlight, with trails leading to redwoods and waterfalls nearby.",242,5.754059999999996
"48.7967,-113.6773",Many Glacier Campground,"Surrounded by jagged peaks and Swiftcurrent Lake, this campground boasts stunning views of Glacier’s iconic mountains. The reflective waters and frequent wildlife sightings add to the spectacle.",4928,-34.00560000000001
"37.8712,-119.3577",Tuolumne Meadows Campground,"High in the Sierra Nevada, this campground features sweeping views of granite domes, meadows, and waterfalls. The open landscape showcases Yosemite’s alpine splendor, especially with wildflowers in summer.",8651,-27.619200000000003
"47.6130,-124.3761",Kalaloch Campground,"Overlooking the Pacific Ocean, this campground provides dramatic coastal views from bluff-top sites. Driftwood-strewn beaches and the sound of crashing waves make it a striking spot year-round.",49,-14.47704
"58.4509,-135.8938",Bartlett Cove Campground,"Tucked along the shores of Glacier Bay, this remote site offers views of icy waters, dense forests, and distant snow-capped peaks. Kayaking reveals even more of the area’s wild beauty.",19,-33.87996
"38.4860,-109.7404",Kayenta Campground,"Just outside Arches and Canyonlands, this campground overlooks the Colorado River’s dramatic 2,000-foot cliffs. The sunrise casts a fiery glow over the desert landscape, rivaling the Grand Canyon in grandeur.",5974,-19.178639999999994
"29.1839,-81.7120",Juniper Springs Campground,"Amid Florida’s subtropical wilderness, this campground offers views of crystal-clear springs and ancient cypress trees. The lush greenery and water reflections create a tranquil, unique vista.",72,18.613439999999997
"37.2015,-86.2377",Houchin Ferry Campground,"Along the Green River, this site provides scenic river views framed by limestone bluffs and hardwood forests. The rolling hills hint at the vast cave system below.",472,2.754359999999995
"46.8264,-93.1515",Savanna Portage State Park Campground,"East of the Mississippi in northern Minnesota, this campground overlooks shimmering lakes surrounded by dense woods. The peaceful water views and vibrant autumn colors stand out.",1312,-17.565659999999998
"35.2812,-82.7226",Davidson River Campground,"Near the Blue Ridge Parkway, this campground features views of rugged Appalachian peaks and cascading waterfalls like Looking Glass Falls. The dense forest adds depth to the landscape.",2168,0.16200000000000375
"44.2055,-74.8312",Cranberry Lake Campground,"Set in the heart of the Adirondacks, this spot offers serene lake views framed by forested peaks. The reflection of mountains in the water creates a pristine wilderness scene.",1607,-13.90104
"35.6577,-83.5835",Elkmont Campground,"Surrounded by misty ridges and lush forests, this site delivers breathtaking views of the Smokies’ rolling peaks. The elevation and vibrant fall foliage amplify the scenery.",2260,-0.8432999999999963
"44.2817,-86.3153",Orchard Beach State Park,,662,-10.668600000000001
"48.5263,-113.9820",Apgar Campground,,3198,-27.352979999999995
"41.0085,-72.0102",Hither Hills State Park Campground,,42,-2.565539999999996
"45.3660,-123.9687",Cape Lookout State Park Campground,,36,-10.38564
"43.4284,-89.7314",Devil's Lake State Park,,987,-10.290960000000007
"48.3994,-122.6593",Deception Pass Camp,,98,-16.068060000000003
"33.9917,-116.0628",Jumbo Rocks Campground,,4367,-5.355900000000002
"43.8941,-102.4144",Sage Creek Campground,,2539,-16.663320000000002
"42.8525,-72.8149",Molly Stark State Park,,1886,-12.460139999999999
"43.4816,-73.2049",Lake St. Catherine State Park,,521,-8.725320000000002
"43.2808,-73.0049",Emerald Lake State Park,,777,-9.27648
"43.5517,-72.6975",Coolidge State Park,,1689,-13.016699999999995
"43.1057,-72.7733",Jamaica State Park,,679,-8.610299999999997
"40.0321,-77.2928",Pine Grove Furnace State Park,,869,-3.75642
"40.5095,-76.7498",Weiser State Forest (Halderman Tract) Campsite H4 Tract),,1466,-6.7451400000000055
"40.5674,-76.6026",Weiser State Forest Greenland Tract,,1565,-7.200359999999999
"40.7850,-76.1195",Locust Lake State Park Campground,,1253,-6.480539999999993
"41.3407,-75.8926",Frances Slocum State Park,,1138,-7.071299999999996
"41.5627,-75.7067",Lackawanna State Park,,974,-6.8858999999999995
"41.9118,-75.8652",Salt Springs State Park,,1223,-8.40348
"43.4148,-73.7121",Lake George Battleground State Campground,,400,-8.172179999999999
"45.0013,-74.8507",Robert Moses State Park - Thousand Islands,,249,-10.489680000000002
"44.8936,-75.1381",Coles Creek State Park,,252,-10.307519999999998
"44.3238,-75.9349",Keewaydin State Park,,272,-9.352079999999999
"44.3762,-75.8584",Kring Point State Park,,252,-9.376199999999995
"44.5614,-75.6846",Jacques Cartier State Park,,269,-9.768059999999998
"44.3323,-75.9908",Dewolf Point State Park,,255,-9.308879999999993
"44.3292,-76.0366",Wellesley Island State Campground,,265,-9.3384
"44.2798,-75.9990",Grass Point State Park,,259,-9.226080000000003
"43.7668,-76.2090",Southwick Beach State Park,,269,-8.337780000000006
"43.3303,-76.6966",Fair Haven Beach State Park,,305,-7.680780000000002
"43.3591,-77.9500",Hamlin State Park Campground,,292,-7.685819999999997
"43.2736,-78.9960",Four Mile Creek State Park,,272,-7.461720000000004
"42.6021,-79.1178",Evangola State Park Campground,,580,-7.35282
"44.6157,-73.6078",Macomb Reservation State Park,,692,-11.375099999999994
"42.5169,-75.6784",Bowman Lake State Park,,1745,-11.35296
"43.5531,-76.2056",Selkirk Shores State Park,,314,-8.11692
"42.1879,-75.4188",Oquaga Creek State Park,,1692,-10.573559999999997
"42.5901,-75.1341",Gilbert Lake State Park,,1663,-11.192219999999999
"42.7867,-74.8621",Glimmerglass State Park,,1246,-10.060200000000005
"43.2904,-75.4167",Delta Lake State Park,,554,-8.498159999999997
"42.2156,-75.8342",Chenango Valley State Park,,928,-7.897320000000004
"43.0582,-75.9715",Green Lakes State Park,,492,-7.857899999999998
"42.4215,-79.4298",Lake Erie State Park,,636,-7.226640000000003
"43.1767,-75.7293",Verona Beach State Park,,403,-7.755299999999995
"43.2275,-76.1124",Oneida Shores County Park,,403,-7.846739999999999
"44.2027,-76.1927",Cedar Point State Park,,285,-9.180900000000001
"44.1628,-76.2631",Burnham Point State Park,,262,-9.027179999999994
"44.0266,-76.2202",Long Point State Park - Thousand Islands,,259,-8.770320000000003
"43.9001,-76.1227",Westcott Beach State Park,,288,-8.647920000000004
"43.3668,-78.2361",Lakeside Beach State Park,,285,-7.676279999999997
"43.3725,-78.4880",Golden Hill State Park,,269,-7.628040000000003
"43.9725,-74.1271",Lake Harris,,1607,-13.481639999999993
"44.3501,-73.8608",Wilmington Notch Campground,Road noise but close to Lake Placid,1381,-13.354019999999995
"44.2981,-74.0750",Meadowbrook Campground,Road noise but close to Lake Placid,1637,-14.173019999999996
"44.6872,-73.2928",Grand Isle State Park,,137,-9.526499999999995
"43.7694,-73.7891",Scaroon Manor Campground,,898,-10.588859999999995
"43.8403,-73.5670",Putnam Pond Campground,Possible issue with mosquitos.  Marsh nearby.,1305,-12.167279999999998
"43.8818,-73.6758",Paradox Pond Campground,,954,-10.990079999999997
"43.9867,-74.4566",Lake Eaton Campground,Small sites.  Bad road.  Poorly maintained.,1797,-14.185799999999997
"44.7236,-73.4267",Cumberland Bay State Park,,121,-9.533519999999996
"43.6744,-74.9869",Nicks Lake Campground,,1735,-13.401359999999997
"43.4934,-74.3982",Moffitt Beach State Campground,,1768,-13.192560000000002
"43.7180,-74.7957",Limekiln State Campground,,1935,-14.193540000000006
"43.6474,-74.3888",Lewey Lake Campsite,,1660,-13.083659999999995
"43.8385,-74.3842",Lake Durant State Campground,,1820,-14.000940000000007
"43.8162,-74.5954",Golden Beach Campground,,1811,-13.925700000000003
"43.7656,-74.7085",Eighth Lake Campground,,1827,-13.893119999999998
"44.5779,-74.2860",Meacham Lake Campground,,1551,-14.372459999999998
"44.3040,-74.3590",Fish Creek Pond Campground,Some people complain about noisy neighbors and loud motorboats.  Maybe avoid on weekends?,1604,-14.066640000000003
"44.3221,-72.2891",New Discovery State Park,,1765,-14.672519999999999
"44.3898,-72.7673",Little River State Park,,780,-11.284380000000002
"44.5209,-72.7741",Smugglers' Notch State Park Campground,,1483,-14.024159999999995
"44.5445,-72.5278",Elmore State Park,,1191,-13.025339999999998
"44.0265,-73.4221",Crown Point Campground,,134,-8.325539999999997
"43.1891,-74.1754",Northampton Beach Campground,,797,-9.181620000000006
"44.5047,-74.1135",Buck Pond Campground,,1660,-14.6268
"44.3101,-74.4083",Rollins Pond Campground,,1584,-14.007419999999998
"41.9563,-71.8987",West Thompson Lake Campground,,433,-5.663879999999997
"25.4747,-80.5068",Fresh Gardens,Hipcamp,29,25.442100000000003
"25.4460,-80.5341",Gate to the Keys (Hipcamp),Gate to the Keys (Hipcamp),22,25.517159999999997
"25.1226,-80.4080",John Pennekamp Camp Area,,32,26.064180000000004
"24.6582,-81.2768",Bahia Honda State Park RV Campground,,9,26.982
"29.6689,-81.2522",Faver-Dykes State Park Campground,,49,17.82234
"26.9913,-80.1420",Jonathan Dickinson State Park River Campground,,32,22.700520000000004
"29.3390,-81.0818",Tomoka State Park Campground,,45,18.427860000000003
"46.0073,-84.9737",Brevort Lake Campground,,675,-13.821480000000001
"44.8967,-86.0202",D. H. Day Campground,,606,-11.576700000000004
"30.3974,-88.7962",Davis Bayou Campground,,32,16.56954
"30.3235,-87.2745",Fort Pickens Campground,,22,16.73766
"35.2369,-75.6034",Frisco Campground,,13,7.928640000000003
"29.3579,-81.7336",Salt Springs Recreation Area,,85,18.253439999999998
"27.1115,-80.2841",St. Lucie South Campground,,19,22.53096
"26.7879,-81.3073",Ortona South Lock Campground,,39,23.04324
"26.7236,-81.6934",W.P. Franklin North Campground,,19,23.22918
"25.7544,-80.9266",Mitchell Landing Campground,,19,24.97374
"25.8935,-81.2302",Burns Lake Campground - Big Cypress National Preserve,,6,24.77016
"25.8689,-81.1144",Monument Lake Campground,,16,24.779339999999998
"25.8509,-80.9895",Midway Campground,,19,24.800040000000003
"25.9917,-81.5917",Collier-Seminole State Park,,39,24.476399999999998
"30.3144,-87.4114",Big Lagoon State Park Campground,,29,16.73064
"30.3838,-86.4370",Henderson Beach State Park Campers Beach,,26,16.61742
"30.1392,-85.7412",Camping Area at St Andrew's State Park,,16,17.0928
"29.7800,-85.4061",St Joseph Peninsula Campground,,13,17.75106
"27.8587,-80.4481",Sebastian Inlet State Park Campground,,0,21.256200000000003
"30.3289,-86.1551",Camp Grayton Beach State Park Campground,,16,16.75134
"29.7188,-84.7498",Saint George Island State Campground,,16,17.849519999999995
"39.0234,-78.7045",Squirrel Gap campsite #5,Squirrel Gap campsite #5,1902,-5.626260000000004
"39.0156,-78.7042",Squirrel Gap campsite #4,Squirrel Gap campsite #4,1843,-5.401619999999998
"39.0461,-78.6730",Squirrel Gap campsite #3,Squirrel Gap campsite #3,1486,-4.181220000000004
"39.0675,-78.6449",Squirrel Gap site #2,Squirrel Gap campsite #2,1588,-4.5824400000000045
"39.0668,-78.6400",Squirrel Gap campsite #1,Squirrel Gap campsite #1,1561,-4.487580000000001
"38.4912,-79.2133",Flagpole rd site #3,campsite ~1/4 mi NE of Hone Quarry Ridge Trail,3897,-11.781899999999998
"38.4926,-79.2108",Flagpole rd site #2,campsite ~1/2 mi NE of Hone Quarry Ridge Trail,3996,-12.135420000000005
"38.5082,-79.1889",Flagpole Knob site #3,campsite ~1/2 mile west of Flagpole knob,4176,-12.807000000000004
"38.5087,-79.1870",Flagpole Knob site #2,campsite just west of Flagpole Knob,4301,-13.252499999999996
"38.5009,-79.2076",Flagpole Rd Campsite,campsite at Flagpole rd & Forest rd 85-4,4065,-12.396060000000002
"43.6615,-86.4950",Silver Lake State Park Campground,,626,-9.423539999999996
"38.7292,-104.8329",Cheyenne Mountain State Park,,6263,-20.645999999999997
"39.6502,-104.8390",Cherry Creek State Park Campground,,5600,-19.940399999999997
"46.5563,-85.0355",Tahquamenon Falls State Park Rivermouth Campgrounds,,620,-14.610780000000002
"41.2968,-79.8880",Hog Wild Farm,Hog Wild Farm,1532,-8.396279999999996
"40.5209,-78.8771",Gordon Glenn Woods,,1709,-7.631459999999995
"46.6610,-85.5227",Reed & Green Campground,,649,-14.90454
"46.6093,-85.2060",Lower Falls Hemlock Campground,,744,-15.150779999999996
"46.6768,-85.7560",Lake Superior State Forest Campground,,633,-14.87448
"46.6679,-85.7533",Blind Sucker #2 State Forest Campground,,639,-14.881860000000007
"46.6439,-85.4165",Pike Lake State Forest Campground,,685,-15.002460000000003
"46.6981,-85.4226",Two Hearted River State Forest Campground,,597,-14.784119999999994
"46.6948,-85.3590",Culhane Lake State Forest Campground,,652,-14.97708
"46.7071,-85.3354",Bodi Lake State Forest Campground,,626,-14.905619999999995
"46.7032,-85.0352",Andrus Lake State Forest Campground,,639,-14.945400000000005
"38.9776,-75.9294",Tuckahoe State Park Campground,,59,1.0315799999999957
"38.8659,-75.8364",Martinak State Park,,42,1.291139999999994
"39.1777,-79.0575",Just Plane Adventures,,1033,-2.8035000000000028
"38.9998,-79.0269",Riverside Cabins & RV Park,,856,-1.8514800000000007
"39.1043,-79.6821",Five River Campgrounds,,1620,-4.765680000000003
"39.0711,-79.6232",Brooklyn Heights Riverfront Campground,,1696,-4.9750200000000016
"39.4527,-77.6517",20561 Park Hall Rd,,682,-2.0466
"38.7690,-77.3016",Burke Lake Campgrounds,,380,0.26046000000000313
"38.9625,-77.3220",Lake Fairfax Park Campground,,311,0.15786000000000272
"40.3305,-78.4355",Pat's Primitive Place,,1053,-4.948740000000002
"39.4624,-77.7439",Camp Battleview,,446,-1.2216600000000042
"39.9004,-78.2958",EZ Getaway,,1463,-5.6370599999999955
"39.7034,-78.1075",Estes Place,,698,-2.5563600000000033
"38.9230,-78.0025",Lower Ted Lake Parking,requires Thompson WMA permit,764,-1.385640000000003
"38.9574,-77.9888",Thompson Lake Parking Area,,915,-1.9857599999999995
"38.6634,-77.6951",Weston Wildlife Management Area,Weston WMA permit required,298,0.743039999999995
"38.3867,-78.4813",1253 Taylor Mountain Rd,Rapidan WMA permit required,2555,-6.808499999999995
"38.4058,-78.4295",State Rte 675,Rapidan WMA permit required,1131,-1.7650799999999982
"38.4157,-78.3930",300 Cobblestone Row,Rapidan WMA permit required,1341,-2.5317000000000016
"38.4028,-78.3898",3369 Garth Rd,Rapidan WMA permit required,1227,-2.0989799999999983
"41.3942,-75.1374",White Deer Campsite,PA State Forest campsite.  https://pennsylvaniastateparks.reserveamerica.com/camping/delaware-state-forest/r/campsiteDetails.do?contractCode=PA&siteId=23610&parkId=880251,1535,-8.583299999999996
"41.3290,-75.0247",E016 Fivemile Meadow,PA State Forest site.  https://pennsylvaniastateparks.reserveamerica.com/camping/delaware-state-forest/r/campsiteDetails.do?contractCode=PA&siteId=23609&parkId=880251,1512,-8.38404
"38.7334,-78.5174",Camp Roosevelt Recreation Area,,1187,-2.5536600000000056
"38.0988,-79.8219",Hidden Valley Campground,,1830,-3.7045799999999947
"38.0694,-79.8837",Blowing Springs Campground,,1748,-3.359160000000003
"38.0140,-79.9201",McClintic Point Primitive Campground,All sites claim to accommodate 21 feet RVs but will probably handle a few feet more,1574,-2.6393400000000047
"38.7406,-79.6921",Laurel Fork Campground,,3107,-9.411120000000002
"38.8669,-78.4444",Little Fort Campground,May be tent-only.  Some reviews have said not enough room for even a small RV.,1381,-3.484260000000002
"45.1592,-87.2326",Tennison Bay Campground,,603,-12.037499999999998
"45.1636,-87.2198",South Nicolet Bay Campground,,620,-12.103920000000004
"44.8626,-87.4137",Potawatomi State Park,,623,-11.57382
"38.0480,-81.1274",Rifrafters Campground,Sites appear to be attractive and well-spaced.  Back-in/30A/water sites for 22 ft RVs are about $41,1912,-3.905640000000003
"37.8286,-81.0140",Glade Creek Campground,,1289,-1.2877200000000024
"38.2147,-80.8890",Gauley Tailwaters Campground,,1378,-2.2986000000000013
"37.8453,-80.9852",War Ridge/Backus Mountain Campground,,2529,-5.740380000000003
"38.0758,-81.0629",Chestnut Creek Campground,Primarily a tent campground but call ahead to see if they can accommodate a small camper,1807,-3.5812800000000014
"42.7743,-86.2096",Holland State Park,,574,-7.639379999999995
"39.4065,-78.1422",Lazy A Campground,RV sites $40/night 2 person max,485,-1.261440000000002
"39.3342,-78.4577",Buffalo Gap Retreat,"There are three RV sites in the creekside area, $40 per night",967,-2.8512000000000044
"39.1780,-79.6016",Horseshoe Recreation and Campground Area,,1811,-5.576939999999994
"39.5642,-78.7176",Spring Gap Campground,,574,-1.8611999999999989
"39.6253,-78.3855",15 Mile Creek Campground,,492,-1.678680000000005
"41.4660,-73.8241",Fahnestock State Park Campground,,1076,-7.074540000000002
"39.0963,-77.9378",Watermelon Park & RV Campground,,416,-0.4573799999999987
"36.8361,-81.0700",Ravens Cliff campground,,2221,-2.8240200000000026
"36.7471,-81.4251",Raccoon Branch Campground,,2851,-4.910220000000005
"36.7230,-81.4910",Hurricane Campground,,2805,-4.703039999999997
"36.7630,-81.2249",Comers Rock Recreation Area,,3822,-8.402039999999996
"36.6712,-81.6797",Beartree Recreation Area,,3340,-6.516899999999998
"37.6050,-80.0762",The Pines Campground,,1886,-3.014639999999994
"36.6700,-81.4863",Scales Campground,Forest service campground.  Reports of very rough road that presented some challenges for a Subaru Forester.,4622,-11.089440000000003
"37.0102,-81.1813",Stony Fork Campground,,2375,-3.6872999999999947
"37.0245,-81.1761",Big Bend boondocking sites,"forest service, good views, rough road",3881,-9.083340000000005
"36.9006,-81.0372",Big Survey WMA boondocking sites,WMA permit required,2969,-5.607719999999994
"36.6757,-80.8139",Crooked Creek WMA boondocking sites,WMA permit required,2388,-3.1319999999999975
"37.4296,-80.4920",White Rocks Campground,,3008,-6.7003200000000005
"37.7604,-79.1957",Hog Camp Gap boondocking site,"Camping area adjacent to AT, a large clearing used by a lot of AT thru-hikers.  Bumpy dirt road accessible by standard sedan.",3527,-9.144359999999995
"37.8476,-79.1220",Crabtree Falls boondocking sites,"Camping areas on rt826/Meadows lane, right off route 56.  Meadows lane is a fire road to upper falls parking lot.  Sign says 4WD but apparently many sedans are seen on the road.",2647,-6.165719999999999
"36.8504,-82.0788",Hidden Valley WMA boondocking sites,WMA permit required,3746,-8.29026
"38.5971,-79.1998",Brandywine Lake Campground,,1985,-5.1514199999999954
"38.4623,-79.1350",Hone Quarry Campground,,1919,-4.674779999999998
"38.3658,-79.2095",Todd Lake Recreation Area Campground,,1962,-4.65318
"38.3395,-79.2072",North River Campground,,1863,-4.2548400000000015
"38.0069,-80.9484",Babcock State Park Campground,,2365,-5.446260000000002
"37.7305,-80.3627",Greenbrier State Forest Campground,,2001,-3.6500399999999984
"38.6559,-80.0713",Kumbrabow Crossing,,3057,-9.083160000000005
"38.1114,-80.1779",Riverside Campground,,2086,-4.639860000000006
"38.1026,-80.0943",Beaver Creek Campground,,2582,-6.390720000000004
"38.9243,-78.6890",Wolf Gap Recreation Area,,2244,-6.664680000000004
"38.9242,-78.3315",Elizabeth Furnace Family Campground,,787,-1.469699999999998
"38.6492,-79.8620",Shaver's Fork dispersed site,Alongside railroad tracks.  Accessible by bumpy forest service road.,3569,-10.8963
"38.9521,-78.7325",Trout Pond Campground,,2040,-5.989320000000002
"38.6298,-79.8821",Red Run Falls dispersed camping,,3651,-11.153880000000004
"38.5705,-79.9331",Mower Basin dispersed camping,,4097,-12.638340000000003
"37.8578,-81.0994",Army Camp Rd Campground,,1171,-0.9190799999999951
"38.9650,-79.3447",Dolly Sods boondocking sites #3,,3884,-12.587940000000007
"38.6178,-79.6765",Abes Run dispersed camping,,3343,-10.032480000000005
"38.3068,-79.9223",Seven Mile Campground,,2713,-7.2262800000000045
"38.2955,-80.5161",Cranberry River sites 6-19,,2247,-5.544539999999994
"38.2959,-80.5240",Big Rock Campground,,2267,-5.615460000000006
"38.3255,-80.4415",Cranberry Campground,,2588,-6.815339999999996
"38.5793,-79.7052",Island Campground,,3054,-8.933580000000006
"37.8552,-81.0531",Grandview Sandbar Campground,,1318,-1.440900000000006
"37.4241,-80.6763",Groundhog Trail boondocking sites,,2162,-3.6718200000000047
"37.9595,-80.0703",Meadow Creek dispersed camp sites,,2513,-5.887439999999998
"38.5900,-79.9684",Becky's Creek camping area,,3087,-9.069840000000005
"38.6081,-79.8811",Shaver's Fork free campsites,,3625,-11.02122
"38.6353,-79.8718",Stonecoal dispersed camping,,3599,-10.976580000000002
"38.9637,-79.6070",Lower Glady Dispersed Campground,,2342,-7.086600000000004
"39.0077,-79.5493",Gladwin Dispersed Camping Area,,1991,-5.913899999999999
"38.7475,-79.1089",Camp Run Campground,,1640,-4.193640000000004
"39.0660,-79.3016",Dolly Sods bookdocking sites #2,,3930,-12.933540000000004
"39.0574,-79.2847",Dolly Sods boondocking sites #1,,2920,-9.31446
"39.3273,-79.8136",Fellowsville Park,,1476,-4.652280000000002
"39.0676,-78.6378",Squirrel Gap Road Parking,,1519,-4.336919999999997
"39.1165,-78.4989",Hawk Recreation Area,,1427,-4.0973400000000035
"38.5813,-79.0523",Long Run Road Campsite #2,,3143,-9.253079999999997
"38.5774,-79.0371",Long Run Road Campsite #1,,3389,-10.123559999999994
"38.5950,-79.0710",Western-Facing Campsite,,3658,-11.114639999999998
"38.5867,-79.0579",Long Run Road Campsite #3,,3415,-10.2339
"38.6734,-79.5699","Back Ridge Shadows, LLC",,3973,-12.378960000000001
"36.6648,-81.6031",High Country Campground,,3294,-6.3415799999999996
"36.6883,-81.5393",Grindstone Campground,,3730,-7.939979999999996
"39.0142,-79.4568",Canaan Valley Resort Campground,,3261,-10.453500000000004
"37.0440,-80.8715",Gatewood Park Campground,,2194,-3.104639999999994
"38.2484,-80.4448",Summit Lake Campground,,3494,-9.905759999999994
"36.6286,-81.4966",Grayson Highlands State Park,,4665,-11.167019999999999
"36.8694,-82.5263",Bark Camp Recreation Area,,2874,-5.212259999999998
"36.9122,-82.6330",Flag Rock Recreational Area,,3349,-6.985799999999998
"36.8876,-82.6140",High Knob Recreation Area,,3655,-8.029619999999998
"39.6066,-78.0100",Fort Frederick Campground,,429,-1.4227200000000002
"40.2159,-75.7838",French Creek State Park Campground,,928,-4.2978599999999965
"40.7092,-79.5158",Crooked Creek Campground,,997,-5.431500000000005
"38.0973,-77.8923",Christopher Run Campground,,269,1.8673200000000054
"37.3092,-76.5496",Machicomoco State Park Campground,,42,4.093200000000006
"37.1905,-76.5481",Newport News Park,,65,4.22496
"37.1403,-76.7484",Chippokes State Park,,98,4.1983199999999945
"37.4248,-76.8522",Williamsburg Christian Retreat Center,,114,3.627720000000004
"36.6619,-78.6292",Buffalo Park and Campground,,344,4.1819399999999955
"36.5768,-78.5488",Longwood Park,,321,4.417020000000003
"36.6575,-78.4423",Rudds Creek Campground,,318,4.283460000000002
"36.8045,-80.0587",Goose Point Park,,1151,1.047060000000005
"36.8135,-80.0387",Salthouse Branch Park,,1033,1.4520600000000043
"36.8341,-80.0723",Horseshoe Point Park,,994,1.5553800000000013
"38.6705,-80.5472",Gerald Freeman Campground,,977,-1.6916399999999945
"38.2216,-80.9096",Battle Run Campground,,1673,-3.364020000000004
"37.9848,-79.9696",Bolar Mountain Recreation Area,,1637,-2.8090799999999994
"38.2374,-75.1374",Assateague State Park,,0,2.5745399999999985
"36.5861,-78.3081",North Bend Park & Campground,,311,4.435379999999998
"35.8123,-82.1440",Crabtree Falls Campground,,3691,-6.222779999999999
"36.7022,-82.7380",Lover's Leap Campground,,1834,-1.2023999999999955
"39.4832,-77.4633",Estes Place,,659,-2.0195999999999934
"39.1471,-78.0882",Berryville Berries,,567,-1.087020000000003
"26.4683,-81.9495",San Carlos RV Park & Islands,,19,23.688720000000004
"26.4901,-81.9408",Gulf Air,,13,23.67288
"26.4340,-81.8157",Koreshan State Park,,36,23.691959999999998
"26.4440,-82.0427",Periwinkle Park Campground,,16,23.74416
"39.8888,-79.4945",Ohiopyle State Park Kentuck Campground,,1660,-6.318180000000006
"39.9922,-79.2421",Laurel Hill State Park Campground,,1971,-7.615799999999994
"41.3776,-82.2244",Vermilion Travel Plaza,,734,-5.698620000000002
"41.1314,-82.2087",Findley State Park,,876,-5.758559999999999
"41.1939,-81.4057",Silver Springs Campground,,1105,-6.690059999999999
"45.7444,-84.9022",Wilderness State Park Campground,,613,-13.125959999999997
"41.7044,-85.0288",Pokagon State Park Toboggan Run,,1033,-7.351559999999998
"41.6443,-84.3719",Harrison Lake State Park,,807,-6.436080000000002
"41.6576,-87.0554",Indiana Dunes State Park Campground Showers and Bathrooms,,629,-5.8282200000000035
"45.8551,-84.7195",Straits State Park,,669,-13.52412
"41.1428,-81.1129",West Branch State Park Campground,,1049,-6.399180000000002
"42.2993,-86.3259",Covert Township Park,,652,-7.065180000000004
"42.3346,-86.3006",Van Buren State Park,,656,-7.140420000000003
"42.4366,-87.8071",Illinois Beach State Park Campground,,597,-7.113419999999997
"41.9100,-86.5871",Warren Dunes State Park Campground,,629,-6.282539999999994
"35.5319,-78.2632",North Pointe RV Resort,,173,6.824339999999999
"43.6651,-87.7192",Kohler-Andrae State Park,,600,-9.336420000000004
"44.1827,-87.5273",Point Beach Campground,,613,-10.314899999999994
"45.4637,-83.8836",Hoeft State Park,,646,-12.737700000000006
"41.6789,-83.3740",Maumee Bay State Park,,574,-5.667659999999997
"46.6398,-86.2157",Twelvemile Beach Campground,,603,-14.702580000000001
"46.4410,-86.6774",Munising Tourist Park Campground,,590,-14.297940000000004
"46.6656,-86.1667",Hurricane River Campground,,600,-14.737319999999997
"46.6733,-85.9911",Woodland Park Campground,,639,-14.891579999999996
"44.6475,-83.2976",Harrisville State Park,,643,-11.256840000000002
"46.6766,-85.6281",Muskallonge Lake State Park,,633,-14.874120000000001
"44.2577,-83.4448",Tawas Point Campground,,587,-10.3563
"41.2152,-80.3134",Bill and Nancy Snyder's property,,1184,-7.009200000000005
"41.6709,-86.9829",Dunewood Campground,,652,-5.934060000000006
"29.4380,-81.1100",Gamble Rogers,,19,18.343260000000004
"28.5704,-82.2115",Cypress Glen Campground,,95,19.63584
"28.1427,-82.2272",Hillsborough River State Park,,82,20.452499999999997
"34.6410,-79.9006",Cheraw State Park,,134,8.568360000000004
"31.1075,-81.4128",Jekyll Island Campground,,55,15.209459999999996
"37.3724,-77.5715",Pocahontas State Park,,288,3.101940000000002
"32.7774,-80.1467",The Real Lake Aire RV Park,,39,12.26214
"40.3937,-78.0932",Seven Points Campground,Raystown Lake COE campground w/many waterfront sites,1164,-5.4603000000000055
"41.8511,-80.9873",Geneva State Park Campground,,593,-6.047820000000004
"41.5446,-82.8203",East Harbor State Park,,580,-5.4493200000000055
"41.6144,-82.7062",Kelleys Island State Park,,587,-5.598360000000007
"41.6427,-82.8355",South Bass Island State Park,,584,-5.637599999999996
"40.5842,-79.0006",Yellow Creek Campground,,1318,-6.353100000000004
"39.1165,-79.4895",Blackwater Falls Campground,,3162,-10.286640000000004
"33.9111,-78.2972",Holden Beach Fishing Pier,,-26,10.455480000000005
"34.0459,-77.9139",Carolina Beach State Park,,13,10.072439999999995
"34.9417,-83.0875",Cherry Hill Recreation Area,,2263,0.433800000000005
"29.2737,-81.9204",Fore Lake Campground,,104,18.334799999999998
"29.0803,-81.5776",Alexander Springs Recreation Area,,72,18.799919999999997
"32.0844,-82.1255",Jack Hill State Park,,200,12.936239999999996
"34.4659,-80.3015",Sexton Pond,,246,8.485740000000005
"34.5951,-79.9832",Campbell's Lake,,137,8.639279999999998
"34.5878,-80.1331",Sugarloaf Mountain Recreation Area,,328,7.973819999999998
"34.5343,-80.0909",Sand Hills State Forest,,305,8.152019999999997
"43.9001,-70.1779",Bradbury Mountain State Park Campground,,278,-8.612820000000005
"43.8015,-70.1153",Winslow Memorial Park,,22,-7.522739999999994
"42.8246,-72.5666",Fort Dummer State Park,,610,-7.858619999999994
"40.6605,-74.9389",Spruce Run Recreation Area,,308,-2.886839999999998
"37.7829,-76.5800",Belle Isle State Park,,16,3.334140000000004
"37.1703,-75.9810",Kiptopeke State Park,,45,4.331520000000005
"40.3726,-79.3850",Keystone State Park,,1141,-5.340419999999996
"40.0341,-78.6343",Shawnee State Park,,1161,-4.801320000000004
"33.5188,-80.4884",Santee State Park,,144,10.553220000000003
"34.4996,-79.3065",Camp Pedro,,108,8.916479999999998
"35.4379,-80.0698",Arrowhead Campground,,603,5.460840000000002
"34.3299,-79.2835",Little Pee Dee State Park,,72,9.350639999999997
"36.6241,-78.5258",Occoneechee State Park,,344,4.249980000000003
"38.1599,-76.8670",Westmoreland State Park,,190,2.03544
"38.5990,-77.4175",Oak Ridge Campground,,387,0.5430600000000062
"39.4201,-79.1130",Robert W Craig Campground,,2017,-6.749819999999996
"38.6193,-76.5135",Breezy Point Beach & Campground,,0,1.8871199999999952
"39.6556,-79.7878",Coopers Rock State Forest,,2165,-7.700219999999998
"38.6718,-77.1690",Pohick Bay Regional Park,,127,1.3363200000000048
"38.8017,-77.4915",Bull Run Regional Park,,173,0.9387000000000062
"30.4546,-81.4153",Little Talbot Island State Park,,16,16.52508
"27.4785,-82.3372",Lake Manatee State Park,,95,21.60126
"27.6632,-82.3737",Little Manatee River State Park,,32,21.491100000000003
"24.7413,-80.9808",Curry Hammock State Park,,9,26.832420000000003
"24.8151,-80.8059",Long Key State Park,,13,26.68788
"35.1264,-75.9196",Ocracoke Campground,,9,8.139240000000006
"35.2357,-75.5389",Cape Point Campground,,6,7.9541999999999975
"36.9201,-76.0499",First Landing State Park Campground,,26,4.8520800000000035
"38.2013,-75.1538",Oceanside Drive-In Campground,,3,2.627819999999994
"40.9606,-72.7954",Wildwood State Park,,154,-2.877119999999999
"29.8823,-81.2777",Anastasia State Park,,0,17.61372
"30.6991,-81.4567",Fort Clinch State Park,,45,15.979679999999998
"27.6338,-82.7186",Fort DeSoto County Park,,22,21.57912
"27.4698,-82.6854",Buttonwood Inlet RV Resort,,9,21.921120000000002
"33.0394,-79.5618",Buck Hall Recreation Area and Boat Landing,,13,11.88414
"37.8989,-79.8077",Douthat State Park,,1555,-2.361959999999996
"39.7148,-78.6434",Rocky Gap State Park Campground,,1220,-4.4371799999999935
"39.5681,-75.7303",Lums Pond State Park,,72,-0.078120000000002
"38.0592,-76.3370",Point Lookout State Park,,3,2.8836000000000053
"39.4646,-77.4976",Gambrill State Park,,1473,-4.887719999999995
"39.5378,-77.6218",Greenbrier State Park,,866,-2.8549799999999945
"39.6238,-77.4651",Cunningham Falls State Park,,1122,-3.922380000000005
"39.9114,-77.4801",Caledonia State Park,,1079,-4.28796
"39.7799,-76.9186",Codorus State Park Campground,,692,-2.670659999999996
"44.2422,-68.3060",Seawall Campground,,59,-8.444699999999994
"44.3131,-68.2108",Blackwoods Campground,,209,-9.110519999999998
"39.4848,-75.9848",Elk Neck State Park,,160,-0.2440799999999997
"42.1505,-80.0783",Lampe Campground,,574,-6.516540000000002
"40.6928,-79.3293",Wheel-In Campground,,997,-5.401979999999997
"40.7710,-79.2398",Silver Canoe Campground,,1105,-5.928840000000002
"40.9300,-80.1263",Bear Run Campground,,1236,-6.683039999999999
"41.1796,-80.1851",Mercer / Grove City KOA Holiday,,1328,-7.459920000000002
"40.6592,-79.8044",Mountain Top Campground,,1148,-5.879699999999996
"38.2534,-78.6648",Loft Mountain Campground,,3149,-8.686259999999997
"38.5290,-78.4368",Big Meadows Campground,,3550,-10.609740000000006
"38.8491,-78.3074",Shenandoah River State Park,,728,-1.1239199999999998
"38.1208,-77.8224",Lake Anna State Park,,387,1.4038199999999954
"38.7820,-75.1037",Cape Henlopen State Park,,0,1.5942600000000064
"39.7943,-78.3576",Grouseland Hospitality,,1118,-4.21758
